Start Time,Request Type,Latency,Response Code
1614235269333,POST,572,200
1614235269905,POST,80,200
1614235269985,POST,81,200
1614235270066,POST,79,200
1614235270145,POST,80,200
1614235270225,POST,85,200
1614235270310,POST,79,200
1614235270389,POST,79,200
1614235270468,POST,79,200
1614235270547,POST,78,200
1614235270625,POST,202,200
1614235270827,POST,161,200
1614235270988,POST,153,200
1614235271141,POST,194,200
1614235271335,POST,196,200
1614235271531,POST,192,200
1614235271723,POST,196,200
1614235271919,POST,193,200
1614235272112,POST,82,200
1614235272194,POST,82,200
1614235272276,POST,79,200
1614235272355,POST,154,200
1614235272509,POST,197,200
1614235272706,POST,171,200
1614235272877,POST,196,200
1614235273073,POST,197,200
1614235273270,POST,154,200
1614235273424,POST,202,200
1614235273626,POST,156,200
1614235273782,POST,82,200
1614235273864,POST,86,200
1614235273950,POST,78,200
1614235274028,POST,195,200
1614235274224,POST,196,200
1614235274420,POST,196,200
1614235274617,POST,198,200
1614235274815,POST,157,200
1614235274973,POST,195,200
1614235275168,POST,200,200
1614235275368,POST,196,200
1614235275564,POST,79,200
1614235275643,POST,79,200
1614235275722,POST,80,200
1614235275802,POST,200,200
1614235276002,POST,159,200
1614235276161,POST,174,200
1614235276335,POST,162,200
1614235276497,POST,161,200
1614235276658,POST,198,200
1614235276856,POST,161,200
1614235277017,POST,82,200
1614235277099,POST,79,200
1614235277178,POST,82,200
1614235277260,POST,162,200
1614235277422,POST,157,200
1614235277579,POST,157,200
1614235277736,POST,196,200
1614235277932,POST,202,200
1614235278134,POST,202,200
1614235278339,POST,163,200
1614235278502,POST,198,200
1614235278700,POST,81,200
1614235278781,POST,80,200
1614235278861,POST,90,200
1614235278951,POST,170,200
1614235279121,POST,199,200
1614235279320,POST,164,200
1614235279484,POST,206,200
1614235279690,POST,199,200
1614235279889,POST,157,200
1614235280046,POST,198,200
1614235280244,POST,217,200
1614235280461,POST,81,200
1614235280542,POST,82,200
1614235280624,POST,82,200
1614235280706,POST,159,200
1614235280865,POST,199,200
1614235281064,POST,156,200
1614235281220,POST,200,200
1614235281420,POST,196,200
1614235281616,POST,158,200
1614235281774,POST,199,200
1614235281973,POST,170,200
1614235282143,POST,79,200
1614235282222,POST,81,200
1614235282303,POST,79,200
1614235282382,POST,197,200
1614235282579,POST,161,200
1614235282740,POST,195,200
1614235282935,POST,196,200
1614235283131,POST,197,200
1614235283328,POST,654,200
1614235283982,POST,161,200
1614235284143,POST,161,200
1614235284304,POST,274,200
1614235284578,POST,237,200
1614235284815,POST,166,200
1614235284981,POST,157,200
1614235285138,POST,156,200
1614235285294,POST,198,200
1614235285492,POST,309,200
1614235285801,POST,158,200
1614235285959,POST,160,200
1614235286119,POST,160,200
1614235286279,POST,81,200
1614235286360,POST,82,200
1614235286442,POST,81,200
1614235286523,POST,81,200
1614235286604,POST,155,200
1614235286759,POST,166,200
1614235286926,POST,199,200
1614235287125,POST,199,200
1614235287324,POST,155,200
1614235287479,POST,157,200
1614235287636,POST,157,200
1614235287793,POST,79,200
1614235287872,POST,81,200
1614235287953,POST,80,200
1614235288034,POST,155,200
1614235288189,POST,156,200
1614235288345,POST,155,200
1614235288500,POST,164,200
1614235288664,POST,156,200
1614235288820,POST,153,200
1614235288973,POST,155,200
1614235289128,POST,156,200
1614235289284,POST,81,200
1614235289365,POST,81,200
1614235289446,POST,80,200
1614235289526,POST,157,200
1614235289683,POST,154,200
1614235289837,POST,157,200
1614235289994,POST,159,200
1614235290153,POST,155,200
1614235290308,POST,165,200
1614235290473,POST,161,200
1614235290635,POST,166,200
1614235290801,POST,83,200
1614235290884,POST,87,200
1614235290971,POST,86,200
1614235291057,POST,160,200
1614235291217,POST,200,200
1614235291417,POST,161,200
1614235291578,POST,206,200
1614235291784,POST,169,200
1614235291953,POST,167,200
1614235292120,POST,161,200
1614235292281,POST,160,200
1614235292441,POST,81,200
1614235292522,POST,83,200
1614235292605,POST,81,200
1614235292686,POST,170,200
1614235292856,POST,160,200
1614235293016,POST,161,200
1614235293177,POST,157,200
1614235293334,POST,157,200
1614235293491,POST,161,200
1614235293652,POST,159,200
1614235293811,POST,83,200
1614235293894,POST,84,200
1614235293978,POST,85,200
1614235294063,POST,83,200
1614235294146,POST,165,200
1614235294311,POST,206,200
1614235294517,POST,167,200
1614235294684,POST,159,200
1614235294843,POST,159,200
1614235295002,POST,162,200
1614235295164,POST,157,200
1614235295321,POST,80,200
1614235295401,POST,81,200
1614235295482,POST,83,200
1614235295565,POST,154,200
1614235295719,POST,164,200
1614235295883,POST,161,200
1614235296044,POST,163,200
1614235296207,POST,167,200
1614235296374,POST,256,200
1614235296630,POST,413,200
1614235297043,POST,342,200
1614235297385,POST,330,200
1614235297715,POST,320,200
1614235298035,POST,316,200
1614235298351,POST,305,200
1614235298656,POST,231,200
1614235298887,POST,233,200
1614235299120,POST,234,200
1614235299354,POST,230,200
1614235299584,POST,230,200
1614235299814,POST,160,200
1614235299974,POST,178,200
1614235300152,POST,158,200
1614235300310,POST,158,200
1614235300468,POST,159,200
1614235300628,POST,159,200
1614235300787,POST,156,200
1614235300943,POST,156,200
1614235301099,POST,154,200
1614235301253,POST,161,200
1614235301414,POST,159,200
1614235301573,POST,381,200
1614235301954,POST,160,200
1614235302114,POST,86,200
1614235302200,POST,90,200
1614235302290,POST,172,200
1614235302462,POST,321,200
1614235302783,POST,163,200
1614235302946,POST,161,200
1614235303107,POST,226,200
1614235303333,POST,303,200
1614235303636,POST,260,200
1614235303896,POST,473,200
1614235304369,POST,629,200
1614235304998,POST,335,200
1614235305333,POST,169,200
1614235305502,POST,168,200
1614235305670,POST,463,200
1614235306133,POST,347,200
1614235306480,POST,197,200
1614235306677,POST,164,200
1614235306841,POST,161,200
1614235307002,POST,168,200
1614235307170,POST,159,200
1614235307329,POST,81,200
1614235307410,POST,85,200
1614235307495,POST,84,200
1614235307579,POST,157,200
1614235307736,POST,164,200
1614235307900,POST,162,200
1614235308062,POST,174,200
1614235308236,POST,187,200
1614235308423,POST,180,200
1614235308603,POST,215,200
1614235308818,POST,166,200
1614235308984,POST,89,200
1614235309073,POST,89,200
1614235309162,POST,92,200
1614235309254,POST,170,200
1614235309424,POST,162,200
1614235309586,POST,172,200
1614235309758,POST,160,200
1614235309918,POST,162,200
1614235310080,POST,218,200
1614235310298,POST,160,200
1614235310458,POST,159,200
1614235310617,POST,110,200
1614235310727,POST,90,200
1614235310817,POST,87,200
1614235310904,POST,166,200
1614235311070,POST,163,200
1614235311233,POST,164,200
1614235311398,POST,163,200
1614235311561,POST,209,200
1614235311770,POST,163,200
1614235311933,POST,163,200
1614235312096,POST,162,200
1614235312258,POST,88,200
1614235312346,POST,100,200
1614235312446,POST,197,200
1614235312643,POST,330,200
1614235312973,POST,173,200
1614235313146,POST,168,200
1614235313314,POST,171,200
1614235313485,POST,163,200
1614235313648,POST,177,200
1614235313825,POST,160,200
1614235313985,POST,160,200
1614235314145,POST,87,200
1614235314232,POST,94,200
1614235314326,POST,87,200
1614235314413,POST,165,200
1614235314578,POST,174,200
1614235314752,POST,173,200
1614235314925,POST,162,200
1614235315087,POST,163,200
1614235315251,POST,164,200
1614235315415,POST,160,200
1614235315575,POST,86,200
1614235315661,POST,86,200
1614235315747,POST,85,200
1614235315832,POST,85,200
1614235315917,POST,173,200
1614235316090,POST,164,200
1614235316254,POST,169,200
1614235316423,POST,212,200
1614235316635,POST,200,200
1614235316835,POST,333,200
1614235317168,POST,167,200
1614235317335,POST,86,200
1614235317422,POST,119,200
1614235317541,POST,134,200
1614235317675,POST,185,200
1614235317860,POST,225,200
1614235318085,POST,180,200
1614235318265,POST,191,200
1614235318456,POST,199,200
1614235318655,POST,215,200
1614235318870,POST,163,200
1614235319033,POST,165,200
1614235319198,POST,91,200
1614235319298,POST,150,200
1614235319297,POST,151,200
1614235319298,POST,150,200
1614235319448,POST,81,200
1614235319448,POST,91,200
1614235319448,POST,91,200
1614235319529,POST,82,200
1614235319539,POST,81,200
1614235319539,POST,82,200
1614235319611,POST,77,200
1614235319620,POST,76,200
1614235319621,POST,76,200
1614235319289,POST,455,200
1614235319688,POST,78,200
1614235319697,POST,77,200
1614235319696,POST,79,200
1614235319766,POST,79,200
1614235319774,POST,77,200
1614235319775,POST,78,200
1614235319744,POST,163,200
1614235319845,POST,81,200
1614235319851,POST,77,200
1614235319853,POST,77,200
1614235319926,POST,78,200
1614235319928,POST,76,200
1614235319930,POST,77,200
1614235319907,POST,170,200
1614235320004,POST,84,200
1614235320004,POST,95,200
1614235320007,POST,94,200
1614235320088,POST,79,200
1614235320100,POST,78,200
1614235320101,POST,77,200
1614235320077,POST,160,200
1614235320167,POST,192,200
1614235320178,POST,195,200
1614235320178,POST,197,200
1614235320237,POST,160,200
1614235320375,POST,152,200
1614235320359,POST,200,200
1614235320397,POST,162,200
1614235320373,POST,194,200
1614235320559,POST,155,200
1614235320567,POST,153,200
1614235320559,POST,162,200
1614235320527,POST,195,200
1614235320721,POST,161,200
1614235320714,POST,194,200
1614235320720,POST,197,200
1614235320722,POST,205,200
1614235320882,POST,172,200
1614235320908,POST,152,200
1614235320917,POST,152,200
1614235320927,POST,192,200
1614235321054,POST,162,200
1614235321061,POST,203,200
1614235321069,POST,202,200
1614235321216,POST,101,200
1614235321119,POST,198,200
1614235321317,POST,120,200
1614235321264,POST,173,200
1614235321271,POST,204,200
1614235321317,POST,227,200
1614235321437,POST,109,200
1614235321437,POST,156,200
1614235321475,POST,194,200
1614235321593,POST,79,200
1614235321546,POST,174,200
1614235321544,POST,196,200
1614235321669,POST,81,200
1614235321672,POST,78,200
1614235321740,POST,79,200
1614235321750,POST,79,200
1614235321750,POST,79,200
1614235321720,POST,171,200
1614235321819,POST,82,200
1614235321829,POST,82,200
1614235321829,POST,156,200
1614235321901,POST,84,200
1614235321891,POST,210,200
1614235321911,POST,192,200
1614235321985,POST,208,200
1614235321985,POST,208,200
1614235322102,POST,168,200
1614235322103,POST,205,200
1614235322193,POST,199,200
1614235322193,POST,202,200
1614235322270,POST,172,200
1614235322308,POST,196,200
1614235322392,POST,207,200
1614235322395,POST,205,200
1614235322442,POST,163,200
1614235322504,POST,195,200
1614235322599,POST,156,200
1614235322605,POST,166,200
1614235322600,POST,195,200
1614235322699,POST,165,200
1614235322755,POST,152,200
1614235322771,POST,171,200
1614235322795,POST,196,200
1614235322864,POST,152,200
1614235322942,POST,91,200
1614235322907,POST,196,200
1614235323033,POST,101,200
1614235322991,POST,196,200
1614235323016,POST,198,200
1614235323134,POST,88,200
1614235323103,POST,157,200
1614235323260,POST,78,200
1614235323187,POST,201,200
1614235323222,POST,166,200
1614235323214,POST,202,200
1614235323338,POST,79,200
1614235323417,POST,78,200
1614235323416,POST,79,200
1614235323388,POST,165,200
1614235323495,POST,82,200
1614235323388,POST,196,200
1614235323495,POST,156,200
1614235323577,POST,78,200
1614235323584,POST,79,200
1614235323553,POST,170,200
1614235323663,POST,78,200
1614235323741,POST,78,200
1614235323651,POST,197,200
1614235323655,POST,196,200
1614235323723,POST,164,200
1614235323819,POST,197,200
1614235323851,POST,197,200
1614235323848,POST,201,200
1614235323887,POST,202,200
1614235324049,POST,156,200
1614235324049,POST,157,200
1614235324016,POST,196,200
1614235324089,POST,208,200
1614235324205,POST,194,200
1614235324206,POST,197,200
1614235324212,POST,196,200
1614235324297,POST,207,200
1614235324399,POST,209,200
1614235324504,POST,106,200
1614235324403,POST,215,200
1614235324408,POST,210,200
1614235324610,POST,95,200
1614235324608,POST,155,200
1614235324705,POST,91,200
1614235324618,POST,215,200
1614235324618,POST,218,200
1614235324796,POST,88,200
1614235324763,POST,154,200
1614235324833,POST,159,200
1614235324836,POST,159,200
1614235324917,POST,80,200
1614235324884,POST,167,200
1614235324997,POST,79,200
1614235324995,POST,155,200
1614235325076,POST,78,200
1614235324992,POST,197,200
1614235325150,POST,79,200
1614235325051,POST,205,200
1614235325229,POST,79,200
1614235325154,POST,156,200
1614235325189,POST,195,200
1614235325308,POST,81,200
1614235325384,POST,101,200
1614235325256,POST,229,200
1614235325310,POST,205,200
1614235325485,POST,89,200
1614235325389,POST,207,200
1614235325574,POST,84,200
1614235325485,POST,173,200
1614235325515,POST,197,200
1614235325596,POST,198,200
1614235325658,POST,199,200
1614235325712,POST,156,200
1614235325658,POST,212,200
1614235325794,POST,164,200
1614235325857,POST,161,200
1614235325870,POST,165,200
1614235325868,POST,196,200
1614235325958,POST,157,200
1614235326035,POST,165,200
1614235326018,POST,199,200
1614235326064,POST,196,200
1614235326200,POST,88,200
1614235326115,POST,196,200
1614235326288,POST,95,200
1614235326217,POST,198,200
1614235326260,POST,162,200
1614235326383,POST,91,200
1614235326422,POST,79,200
1614235326311,POST,198,200
1614235326501,POST,82,200
1614235326415,POST,197,200
1614235326474,POST,163,200
1614235326583,POST,80,200
1614235326509,POST,199,200
1614235326708,POST,78,200
1614235326637,POST,168,200
1614235326612,POST,200,200
1614235326786,POST,82,200
1614235326663,POST,205,200
1614235326868,POST,81,200
1614235326805,POST,205,200
1614235326812,POST,200,200
1614235327012,POST,89,200
1614235326949,POST,154,200
1614235327101,POST,79,200
1614235327010,POST,212,200
1614235327180,POST,79,200
1614235327103,POST,198,200
1614235327222,POST,212,200
1614235326868,POST,568,200
1614235327259,POST,196,200
1614235327301,POST,199,200
1614235327434,POST,163,200
1614235327455,POST,197,200
1614235327436,POST,236,200
1614235327500,POST,200,200
1614235327597,POST,164,200
1614235327672,POST,155,200
1614235327652,POST,197,200
1614235327700,POST,201,200
1614235327761,POST,204,200
1614235327827,POST,196,200
1614235327849,POST,197,200
1614235327901,POST,206,200
1614235328046,POST,164,200
1614235328023,POST,202,200
1614235328107,POST,171,200
1614235327965,POST,361,200
1614235328210,POST,165,200
1614235328225,POST,159,200
1614235328375,POST,160,200
1614235328384,POST,157,200
1614235328541,POST,80,200
1614235328326,POST,319,200
1614235328535,POST,154,200
1614235328621,POST,98,200
1614235328689,POST,103,200
1614235328719,POST,92,200
1614235328645,POST,224,200
1614235328792,POST,82,200
1614235328874,POST,94,200
1614235328811,POST,166,200
1614235328977,POST,171,200
1614235328968,POST,206,200
1614235329148,POST,170,200
1614235329174,POST,172,200
1614235328869,POST,585,200
1614235329318,POST,176,200
1614235329346,POST,175,200
1614235329494,POST,179,200
1614235329521,POST,199,200
1614235329454,POST,445,200
1614235329720,POST,199,200
1614235329919,POST,200,200
1614235329899,POST,329,200
1614235330119,POST,172,200
1614235329673,POST,681,200
1614235330291,POST,173,200
1614235330228,POST,279,200
1614235330354,POST,181,200
1614235330464,POST,111,200
1614235330575,POST,91,200
1614235330535,POST,188,200
1614235330666,POST,88,200
1614235330507,POST,255,200
1614235330723,POST,87,200
1614235330810,POST,85,200
1614235330754,POST,158,200
1614235330895,POST,83,200
1614235330762,POST,236,200
1614235330912,POST,200,200
1614235330998,POST,173,200
1614235330978,POST,204,200
1614235331112,POST,204,200
1614235331171,POST,166,200
1614235331182,POST,202,200
1614235331316,POST,156,200
1614235331338,POST,162,200
1614235331384,POST,158,200
1614235331500,POST,163,200
1614235331472,POST,205,200
1614235331542,POST,198,200
1614235331663,POST,159,200
1614235331678,POST,200,200
1614235331740,POST,154,200
1614235331822,POST,161,200
1614235331878,POST,201,200
1614235331894,POST,199,200
1614235331983,POST,162,200
1614235332093,POST,154,200
1614235332079,POST,197,200
1614235332145,POST,186,200
1614235332276,POST,78,200
1614235332354,POST,81,200
1614235332247,POST,196,200
1614235332331,POST,160,200
1614235332435,POST,80,200
1614235332443,POST,80,200
1614235332523,POST,78,200
1614235332491,POST,158,200
1614235332515,POST,156,200
1614235332601,POST,81,200
1614235332649,POST,160,200
1614235332671,POST,155,200
1614235332683,POST,198,200
1614235332809,POST,156,200
1614235332826,POST,205,200
1614235332881,POST,198,200
1614235332965,POST,159,200
1614235333031,POST,197,200
1614235333079,POST,156,200
1614235333124,POST,158,200
1614235333235,POST,154,200
1614235333228,POST,200,200
1614235333283,POST,157,200
1614235333389,POST,153,200
1614235333428,POST,160,200
1614235333440,POST,158,200
1614235333542,POST,201,200
1614235333598,POST,157,200
1614235333588,POST,236,200
1614235333743,POST,190,200
1614235333755,POST,179,200
1614235333824,POST,191,200
1614235333933,POST,159,200
1614235334015,POST,79,200
1614235333934,POST,169,200
1614235334094,POST,82,200
1614235334092,POST,84,200
1614235334176,POST,87,200
1614235334176,POST,91,200
1614235334103,POST,206,200
1614235334263,POST,81,200
1614235334267,POST,161,200
1614235334309,POST,217,200
1614235334344,POST,183,200
1614235334428,POST,172,200
1614235334527,POST,196,200
1614235334526,POST,212,200
1614235334600,POST,196,200
1614235334723,POST,161,200
1614235334738,POST,164,200
1614235334796,POST,153,200
1614235334902,POST,99,200
1614235334884,POST,203,200
1614235335001,POST,96,200
1614235334949,POST,171,200
1614235335097,POST,99,200
1614235335196,POST,99,200
1614235335087,POST,209,200
1614235335120,POST,198,200
1614235335296,POST,182,200
1614235335295,POST,203,200
1614235335318,POST,227,200
1614235335545,POST,82,200
1614235335478,POST,162,200
1614235335627,POST,80,200
1614235335640,POST,81,200
1614235335707,POST,80,200
1614235335721,POST,83,200
1614235335787,POST,81,200
1614235335804,POST,82,200
1614235335886,POST,86,200
1614235335498,POST,483,200
1614235335868,POST,207,200
1614235335972,POST,159,200
1614235335981,POST,161,200
1614235336075,POST,157,200
1614235336131,POST,197,200
1614235336142,POST,207,200
1614235336232,POST,209,200
1614235336328,POST,155,200
1614235336349,POST,168,200
1614235336441,POST,200,200
1614235336483,POST,200,200
1614235336517,POST,205,200
1614235336641,POST,158,200
1614235336683,POST,154,200
1614235336722,POST,171,200
1614235336893,POST,94,200
1614235336837,POST,158,200
1614235336987,POST,90,200
1614235336799,POST,308,200
1614235336995,POST,159,200
1614235337077,POST,97,200
1614235337154,POST,79,200
1614235337107,POST,157,200
1614235337233,POST,83,200
1614235337264,POST,83,200
1614235337174,POST,174,200
1614235337316,POST,84,200
1614235337347,POST,78,200
1614235337400,POST,164,200
1614235337565,POST,164,200
1614235337425,POST,367,200
1614235337348,POST,539,200
1614235337729,POST,162,200
1614235337792,POST,163,200
1614235337891,POST,155,200
1614235337955,POST,161,200
1614235338047,POST,162,200
1614235338116,POST,196,200
1614235338209,POST,175,200
1614235337887,POST,499,200
1614235338312,POST,352,200
1614235338384,POST,302,200
1614235338386,POST,472,200
1614235338664,POST,241,200
1614235338687,POST,350,200
1614235338905,POST,194,200
1614235339037,POST,184,200
1614235339099,POST,193,200
1614235339222,POST,125,200
1614235339347,POST,130,200
1614235339292,POST,205,200
1614235338858,POST,732,200
1614235339497,POST,123,200
1614235339477,POST,178,200
1614235339620,POST,86,200
1614235339706,POST,86,200
1614235339655,POST,166,200
1614235339590,POST,341,200
1614235339792,POST,158,200
1614235339821,POST,164,200
1614235339950,POST,157,200
1614235339985,POST,161,200
1614235339931,POST,306,200
1614235340107,POST,196,200
1614235340146,POST,158,200
1614235340303,POST,160,200
1614235340304,POST,166,200
1614235340237,POST,249,200
1614235340470,POST,156,200
1614235340463,POST,198,200
1614235340486,POST,240,200
1614235340626,POST,197,200
1614235340661,POST,199,200
1614235340726,POST,239,200
1614235340860,POST,197,200
1614235340965,POST,230,200
1614235340823,POST,385,200
1614235341057,POST,162,200
1614235341219,POST,80,200
1614235341195,POST,167,200
1614235341208,POST,156,200
1614235341299,POST,88,200
1614235341364,POST,91,200
1614235341387,POST,80,200
1614235341362,POST,204,200
1614235341455,POST,189,200
1614235341566,POST,178,200
1614235341644,POST,164,200
1614235341744,POST,261,200
1614235341808,POST,198,200
1614235341467,POST,611,200
1614235342005,POST,157,200
1614235342006,POST,165,200
1614235342078,POST,234,200
1614235342171,POST,170,200
1614235342162,POST,180,200
1614235342312,POST,155,200
1614235342341,POST,168,200
1614235342342,POST,173,200
1614235342467,POST,159,200
1614235342515,POST,159,200
1614235342509,POST,198,200
1614235342626,POST,194,200
1614235342674,POST,165,200
1614235342707,POST,160,200
1614235342867,POST,79,200
1614235342839,POST,161,200
1614235342820,POST,196,200
1614235342946,POST,80,200
1614235343026,POST,79,200
1614235343000,POST,160,200
1614235343016,POST,197,200
1614235343105,POST,154,200
1614235343160,POST,165,200
1614235343213,POST,154,200
1614235343260,POST,163,200
1614235343367,POST,81,200
1614235343325,POST,163,200
1614235343448,POST,93,200
1614235343541,POST,83,200
1614235343423,POST,202,200
1614235343488,POST,172,200
1614235343624,POST,160,200
1614235343625,POST,165,200
1614235343660,POST,158,200
1614235343790,POST,154,200
1614235343784,POST,201,200
1614235343818,POST,168,200
1614235343944,POST,202,200
1614235343985,POST,161,200
1614235343986,POST,161,200
1614235344146,POST,160,200
1614235344147,POST,166,200
1614235344146,POST,199,200
1614235344306,POST,82,200
1614235344388,POST,82,200
1614235344313,POST,165,200
1614235344345,POST,167,200
1614235344470,POST,83,200
1614235344553,POST,84,200
1614235344478,POST,166,200
1614235344512,POST,156,200
1614235344644,POST,157,200
1614235344637,POST,200,200
1614235344668,POST,200,200
1614235344868,POST,81,200
1614235344801,POST,155,200
1614235344949,POST,80,200
1614235344837,POST,210,200
1614235345029,POST,84,200
1614235344956,POST,209,200
1614235345113,POST,82,200
1614235345047,POST,177,200
1614235345165,POST,213,200
1614235345224,POST,164,200
1614235345195,POST,197,200
1614235345378,POST,170,200
1614235345388,POST,204,200
1614235345392,POST,205,200
1614235345548,POST,168,200
1614235345592,POST,159,200
1614235345597,POST,219,200
1614235345716,POST,177,200
1614235345751,POST,156,200
1614235345816,POST,179,200
1614235345907,POST,88,200
1614235345893,POST,180,200
1614235345995,POST,98,200
1614235346093,POST,81,200
1614235345995,POST,223,200
1614235346073,POST,167,200
1614235346174,POST,155,200
1614235346240,POST,169,200
1614235346218,POST,207,200
1614235346329,POST,159,200
1614235346409,POST,105,200
1614235346425,POST,192,200
1614235346514,POST,105,200
1614235346488,POST,159,200
1614235346617,POST,84,200
1614235346619,POST,112,200
1614235346701,POST,84,200
1614235346647,POST,221,200
1614235346786,POST,102,200
1614235346731,POST,208,200
1614235346868,POST,181,200
1614235346888,POST,168,200
1614235346939,POST,176,200
1614235347056,POST,208,200
1614235347049,POST,216,200
1614235347115,POST,266,200
1614235347264,POST,215,200
1614235347265,POST,223,200
1614235347381,POST,173,200
1614235347479,POST,201,200
1614235347488,POST,202,200
1614235347554,POST,188,200
1614235347690,POST,87,200
1614235347680,POST,159,200
1614235347777,POST,92,200
1614235347742,POST,168,200
1614235347869,POST,104,200
1614235347839,POST,191,200
1614235347910,POST,176,200
1614235347973,POST,350,200
1614235348086,POST,302,200
1614235348030,POST,479,200
1614235348323,POST,289,200
1614235348509,POST,342,200
1614235348851,POST,207,200
1614235349058,POST,133,200
1614235348612,POST,612,200
1614235348388,POST,849,200
1614235349191,POST,137,200
1614235349328,POST,225,200
1614235349224,POST,331,200
1614235349237,POST,521,200
1614235349553,POST,205,200
1614235349555,POST,451,200
1614235349758,POST,277,200
1614235349758,POST,291,200
1614235350006,POST,339,200
1614235350035,POST,327,200
1614235350049,POST,380,200
1614235350345,POST,321,200
1614235350362,POST,321,200
1614235350429,POST,305,200
1614235350666,POST,212,200
1614235350683,POST,196,200
1614235350734,POST,210,200
1614235350878,POST,178,200
1614235350879,POST,196,200
1614235350944,POST,184,200
1614235351075,POST,184,200
1614235351056,POST,203,200
1614235351128,POST,199,200
1614235351259,POST,177,200
1614235351259,POST,179,200
1614235351327,POST,189,200
1614235351436,POST,182,200
1614235351438,POST,190,200
1614235351516,POST,178,200
1614235351618,POST,183,200
1614235351694,POST,119,200
1614235351628,POST,185,200
1614235351813,POST,171,200
1614235351801,POST,204,200
1614235351813,POST,264,200
1614235351984,POST,165,200
1614235352005,POST,168,200
1614235352149,POST,166,200
1614235352077,POST,254,200
1614235352173,POST,179,200
1614235352315,POST,167,200
1614235352352,POST,169,200
1614235352331,POST,244,200
1614235352482,POST,167,200
1614235352521,POST,173,200
1614235352575,POST,200,200
1614235352649,POST,159,200
1614235352694,POST,173,200
1614235352775,POST,167,200
1614235352867,POST,87,200
1614235352808,POST,160,200
1614235352954,POST,83,200
1614235352942,POST,163,200
1614235353037,POST,82,200
1614235352968,POST,205,200
1614235353173,POST,80,200
1614235353119,POST,172,200
1614235353105,POST,186,200
1614235353253,POST,84,200
1614235353337,POST,81,200
1614235353291,POST,157,200
1614235353291,POST,167,200
1614235353448,POST,158,200
1614235353418,POST,201,200
1614235353458,POST,164,200
1614235353606,POST,163,200
1614235353619,POST,163,200
1614235353622,POST,173,200
1614235353769,POST,162,200
1614235353795,POST,163,200
1614235353782,POST,202,200
1614235353931,POST,164,200
1614235353958,POST,167,200
1614235353984,POST,199,200
1614235354095,POST,162,200
1614235354125,POST,161,200
1614235354183,POST,163,200
1614235354257,POST,164,200
1614235354286,POST,167,200
1614235354421,POST,91,200
1614235354346,POST,202,200
1614235354512,POST,85,200
1614235354453,POST,169,200
1614235354597,POST,93,200
1614235354548,POST,182,200
1614235354622,POST,175,200
1614235354690,POST,162,200
1614235354730,POST,175,200
1614235354797,POST,179,200
1614235354852,POST,200,200
1614235354976,POST,174,200
1614235355052,POST,172,200
1614235354905,POST,396,200
1614235355150,POST,168,200
1614235355224,POST,206,200
1614235355301,POST,157,200
1614235355318,POST,173,200
1614235355458,POST,101,200
1614235355430,POST,182,200
1614235355491,POST,166,200
1614235355559,POST,160,200
1614235355612,POST,161,200
1614235355657,POST,165,200
1614235355719,POST,168,200
1614235355773,POST,171,200
1614235355823,POST,163,200
1614235355944,POST,85,200
1614235355986,POST,103,200
1614235355887,POST,202,200
1614235356089,POST,184,200
1614235356089,POST,212,200
1614235356029,POST,434,200
1614235356273,POST,247,200
1614235356301,POST,228,200
1614235356463,POST,162,200
1614235356520,POST,170,200
1614235356529,POST,210,200
1614235356625,POST,166,200
1614235356690,POST,177,200
1614235356739,POST,198,200
1614235356791,POST,175,200
1614235356937,POST,84,200
1614235356867,POST,219,200
1614235357021,POST,80,200
1614235356966,POST,211,200
1614235357101,POST,87,200
1614235357086,POST,172,200
1614235357177,POST,160,200
1614235357188,POST,165,200
1614235357258,POST,168,200
1614235357353,POST,168,200
1614235357337,POST,197,200
1614235357426,POST,172,200
1614235357598,POST,105,200
1614235357521,POST,206,200
1614235357534,POST,208,200
1614235357703,POST,365,200
1614235357727,POST,344,200
1614235357742,POST,337,200
1614235358079,POST,166,200
1614235358245,POST,89,200
1614235358334,POST,99,200
1614235358068,POST,408,200
1614235358433,POST,92,200
1614235358476,POST,160,200
1614235358525,POST,168,200
1614235358071,POST,645,200
1614235358636,POST,181,200
1614235358693,POST,170,200
1614235358716,POST,158,200
1614235358817,POST,174,200
1614235358863,POST,202,200
1614235358874,POST,209,200
1614235358991,POST,166,200
1614235359065,POST,161,200
1614235359083,POST,171,200
1614235359157,POST,172,200
1614235359254,POST,85,200
1614235359226,POST,159,200
1614235359339,POST,96,200
1614235359329,POST,174,200
1614235359385,POST,227,200
1614235359503,POST,174,200
1614235359677,POST,92,200
1614235359612,POST,201,200
1614235359435,POST,385,200
1614235359769,POST,97,200
1614235359866,POST,94,200
1614235359820,POST,159,200
1614235359813,POST,200,200
1614235359960,POST,95,200
1614235360013,POST,82,200
1614235359979,POST,171,200
1614235360095,POST,84,200
1614235360055,POST,170,200
1614235360179,POST,84,200
1614235360150,POST,168,200
1614235360225,POST,167,200
1614235360263,POST,169,200
1614235360318,POST,165,200
1614235360432,POST,162,200
1614235360392,POST,211,200
1614235360483,POST,212,200
1614235360594,POST,206,200
1614235360603,POST,209,200
1614235360695,POST,164,200
1614235360800,POST,162,200
1614235360859,POST,158,200
1614235360812,POST,210,200
1614235360962,POST,159,200
1614235361017,POST,159,200
1614235361022,POST,170,200
1614235361176,POST,83,200
1614235361121,POST,163,200
1614235361259,POST,84,200
1614235361192,POST,166,200
1614235361343,POST,82,200
1614235361284,POST,175,200
1614235361358,POST,101,200
1614235361459,POST,102,200
1614235361425,POST,172,200
1614235361459,POST,158,200
1614235361561,POST,95,200
1614235361617,POST,87,200
1614235361597,POST,158,200
1614235361704,POST,84,200
1614235361788,POST,84,200
1614235361657,POST,221,200
1614235361755,POST,158,200
1614235361872,POST,156,200
1614235361878,POST,214,200
1614235361913,POST,202,200
1614235362028,POST,204,200
1614235362092,POST,173,200
1614235362115,POST,224,200
1614235362232,POST,182,200
1614235362265,POST,217,200
1614235362339,POST,204,200
1614235362414,POST,214,200
1614235362543,POST,161,200
1614235362482,POST,224,200
1614235362628,POST,200,200
1614235362704,POST,166,200
1614235362706,POST,202,200
1614235362870,POST,86,200
1614235362828,POST,170,200
1614235362956,POST,91,200
1614235363047,POST,84,200
1614235362998,POST,208,200
1614235363131,POST,160,200
1614235362908,POST,394,200
1614235363206,POST,158,200
1614235363364,POST,86,200
1614235363302,POST,168,200
1614235363291,POST,206,200
1614235363450,POST,85,200
1614235363470,POST,95,200
1614235363535,POST,87,200
1614235363565,POST,96,200
1614235363497,POST,205,200
1614235363661,POST,98,200
1614235363622,POST,166,200
1614235363702,POST,210,200
1614235363759,POST,178,200
1614235363788,POST,207,200
1614235363912,POST,158,200
1614235363937,POST,219,200
1614235363995,POST,164,200
1614235364070,POST,158,200
1614235364156,POST,184,200
1614235364159,POST,189,200
1614235364228,POST,166,200
1614235364348,POST,162,200
1614235364394,POST,166,200
1614235364560,POST,105,200
1614235364510,POST,179,200
1614235364340,POST,415,200
1614235364665,POST,185,200
1614235364689,POST,208,200
1614235364755,POST,160,200
1614235364897,POST,85,200
1614235364982,POST,86,200
1614235364915,POST,160,200
1614235365068,POST,102,200
1614235364850,POST,342,200
1614235365170,POST,83,200
1614235365075,POST,233,200
1614235365192,POST,155,200
1614235365253,POST,157,200
1614235365347,POST,160,200
1614235365308,POST,209,200
1614235365410,POST,166,200
1614235365517,POST,96,200
1614235365507,POST,202,200
1614235365614,POST,97,200
1614235365576,POST,201,200
1614235365711,POST,109,200
1614235365709,POST,169,200
1614235365777,POST,208,200
1614235365878,POST,160,200
1614235365985,POST,204,200
1614235366038,POST,161,200
1614235366199,POST,166,200
1614235366189,POST,206,200
1614235366365,POST,85,200
1614235366450,POST,89,200
1614235366395,POST,207,200
1614235366539,POST,87,200
1614235366602,POST,93,200
1614235366626,POST,91,200
1614235366695,POST,92,200
1614235366787,POST,86,200
1614235366717,POST,172,200
1614235366873,POST,166,200
1614235366889,POST,180,200
1614235367039,POST,179,200
1614235367069,POST,162,200
1614235367218,POST,171,200
1614235367231,POST,172,200
1614235367389,POST,168,200
1614235367403,POST,173,200
1614235367557,POST,170,200
1614235367576,POST,169,200
1614235367727,POST,168,200
1614235367745,POST,180,200
1614235367925,POST,95,200
1614235367895,POST,164,200
1614235368020,POST,96,200
1614235368116,POST,89,200
1614235368059,POST,216,200
1614235368205,POST,218,200
1614235368275,POST,148,200
1614235368423,POST,372,200
1614235368423,POST,374,200
1614235368796,POST,320,200
1614235369116,POST,197,200
1614235368797,POST,670,200
1614235369313,POST,174,200
1614235369487,POST,180,200
1614235369467,POST,318,200
1614235369667,POST,181,200
1614235369785,POST,173,200
1614235369848,POST,167,200
1614235369958,POST,160,200
1614235370015,POST,167,200
1614235370118,POST,171,200
1614235370182,POST,176,200
1614235370289,POST,171,200
1614235370358,POST,169,200
1614235370527,POST,95,200
1614235370460,POST,174,200
1614235370622,POST,94,200
1614235370716,POST,112,200
1614235370634,POST,197,200
1614235370828,POST,181,200
1614235370831,POST,191,200
1614235371009,POST,186,200
1614235371022,POST,182,200
1614235371195,POST,165,200
1614235371204,POST,192,200
1614235371396,POST,157,200
1614235371360,POST,208,20